{ "_id" : { "$oid" : "55cb13e09e988160345da33f" }, "t" : "TF0", "v" : "V1", "w" : "", "f" : "[Application] [json] ", "o" : "u", "r" : "24EQGAL", "u" : "6K4S18G:itman70s@gmail.com", "ts" : "2015-08-12 17:37:36.690", "l" : "{ Application: ',T1/V1', json: true }", "__v" : 0 }
{ "_id" : { "$oid" : "55cb51c3e97f1f444561e471" }, "t" : "TF0", "v" : "V1", "w" : "", "f" : "[Enable] [json] ", "o" : "u", "r" : "24EQGAL", "u" : "6K4S18G:itman70s@gmail.com", "ts" : "2015-08-12 22:01:39.268", "l" : "{ Enable: '0', json: true }", "__v" : 0 }
{ "_id" : { "$oid" : "55cb51c7e97f1f444561e472" }, "t" : "TF0", "v" : "V1", "w" : "", "f" : "[Enable] [json] ", "o" : "u", "r" : "24EQGAL", "u" : "6K4S18G:itman70s@gmail.com", "ts" : "2015-08-12 22:01:43.682", "l" : "{ Enable: '1', json: true }", "__v" : 0 }
{ "_id" : { "$oid" : "55cb5850ecf49c8c1b5d4aad" }, "t" : "T1", "v" : "V1", "w" : "", "f" : "[Status] [json] ", "o" : "u", "r" : "E8S8VF6", "u" : "6K4S18G:itman70s@gmail.com", "ts" : "2015-08-12 22:29:36.590", "l" : "{ Status: '1', json: true }", "__v" : 0 }
{ "_id" : { "$oid" : "55cb5858ecf49c8c1b5d4aae" }, "t" : "T1", "v" : "V1", "w" : "", "f" : "[Status] [json] ", "o" : "u", "r" : "5U1R1J6", "u" : "6K4S18G:itman70s@gmail.com", "ts" : "2015-08-12 22:29:44.550", "l" : "{ Status: '1', json: true }", "__v" : 0 }
{ "_id" : { "$oid" : "55cb58dbecf49c8c1b5d4aaf" }, "t" : "TF1", "v" : "V1", "w" : "", "f" : "[Password] [json] ", "o" : "u", "r" : "6K4S18G", "u" : "6K4S18G:itman70s@gmail.com", "ts" : "2015-08-12 22:31:55.381", "l" : "{ Password: 'admin', json: true }", "__v" : 0 }
{ "_id" : { "$oid" : "55cb58ffecf49c8c1b5d4ab0" }, "t" : "TF1", "v" : "V1", "w" : "", "f" : "[Name] [json] ", "o" : "u", "r" : "6K4S18G", "u" : "6K4S18G:itman70s@gmail.com", "ts" : "2015-08-12 22:32:31.444", "l" : "{ Name: 'Administrator', json: true }", "__v" : 0 }
