{ "_id" : { "$oid" : "538bef280a5d40e0217702b3" }, "Tid" : "T1", "Vid" : "V1", "Rid" : "16WRUTP", "Name" : "Todo", "Title" : "Todo", "URL" : "todo", "Description" : "Todo list for Tangrammy tasks. <br />\r\nTo manage todo in \"Initial\", \"In progress\" and \"Paused\" status.", "Header" : "", "Footer" : "", "Fields" : "{\r\n\"F0\": {\"type\": \"String\", \"form\": \"text\", \"label\": \"Name\", \"PK\": true, \"required\": true, \"unique\": true, \"trim\": true, \"exist\":true, \"minLength\": 3, \"length\": 0, \"maxLength\": 200, \"options\":[], \"default\": \"\", \"regExp\": \"\", \"exist0\": \"return true\", \"placeholder\": \"Todo name\", \"msg\": \"3~200 chars\"},\r\n\"F1\": {\"type\": \"String\", \"form\": \"richtext\", \"label\": \"Detail\", \"default\": \"\", \"placeholder\": \"Todo detail despcription\", \"msg\": \"\", \"rows\": 5, \"cols\": 100, \"attribute\": \",required,htm,\"},\r\n\"F2\": {\"type\": \"String\", \"form\": \"radio\", \"label\": \"Status\", \"options\": [{\"caption\": \"Initial\", \"icon\": \"/img/s/b1.png\", \"value\": \"0\", \"css\": \"blue\"}, {\"caption\": \"In progress\", \"icon\": \"/img/s/b2.png\", \"value\": \"1\", \"css\": \"green\"}, {\"caption\": \"Paused\", \"value\": \"2\", \"css\": \"orange\"}, {\"caption\": \"Finished\", \"value\": \"3\", \"css\": \"black\"}], \"default\": \"0\", \"msg\": \"\", \"size\": 0, \"attribute\": \",required,\"},\r\n\"F3\": {\"type\": \"String\", \"form\": \"radio\", \"label\": \"Priority\", \"options\": [{\"caption\": \"Low\", \"value\": \"0\"}, {\"caption\": \"Medium\", \"icon\": \"/img/s/f4.png\", \"list\":\"icon\", \"value\": \"1\", \"css\": \"orange\"}, {\"caption\": \"High\", \"icon\": \"/img/s/f5.png\", \"list\":\"icon\", \"value\": \"2\", \"css\": \"red\"}], \"default\": \"0\", \"msg\": \"\", \"size\": 0, \"attribute\": \",required,htm,\"},\r\n\"F4\": {\"type\": \"String\", \"form\": \"text\", \"label\": \"Owner\", \"minlength\": 0, \"length\": 0, \"maxlength\": 0, \"default\": \"\", \"placeholder\": \"Todo detail despcription\", \"msg\": \"\", \"attribute\": \",required,htm,\"},\r\n\"F5\": {\"type\": \"String\", \"form\": \"id\", \"label\": \"ID\", \"default\": \"\", \"msg\": \"\", \"key\": \"V4.todo\", \"val\": \"1\", \"format\": \"Do00\", \"attribute\": \",required,htm,\"}\r\n}", "New" : "<div class=\"col-md-0\"><a class=\"btn btn-link\" href=\"javascript:;\" name=\"new\" style=\"min-width:80px;\"><img src=\"/img/add.png\">New Todo</a></div>", "Copy" : "{\"enable\": true, \"visible\": true, \"Vid\": \"00\", \"label\": \"Copy Todo\", \"icon\": \"copy.png\", \"type\": \"link\"}", "Edit" : "{\"enable\": true, \"visible\": true, \"Vid\": \"00\", \"label\": \"Edit Todo\", \"icon\": \"edit.png\", \"type\": \"link\"}", "Show" : "{'enable': true, 'visible': true, 'Vid': '00', 'label': 'Detail', 'icon': '', 'type': 'link'}", "Remove" : "{\"enable\": true, \"visible\": true, \"Vid\": \"00\", \"label\": \"Remove Todo\", \"icon\": \"remove.png\", \"type\": \"link\"}", "OrderBy" : "F3,F2,F5", "Order" : "-1,-1,-1", "History" : "on", "Help" : "", "update" : { "$date" : "2014-06-02T11:27:36.856+0800" }, "__v" : 0, "Condition" : "{\"F2\": {$lt: \"3\"} }", "JSSave" : "", "JSShow" : "", "JSEdit" : "", "JSNew" : "", "Keys" : "", "LList" : "\"F0\": {\"Title\": \"Name\"}, \"F1\": {\"Title\": \"Detail\"}, \"F2\": {\"Title\": \"Status\"}, \"F3\": {\"Title\": \"Priority\"}, \"F4\": {\"Title\": \"Owner\"}, \"F5\": {\"Title\": \"ID\"}, \"Show\": {\"Title\": \"Detail\", \"label\": \"Detail\", \"icon\": \"\", \"type\": \"link\"}, \"Edit\": {\"Title\": \"Edit\", \"label\": \"\", \"icon\": \"edit.png\", \"type\": \"link\"}, \"Copy\": {\"Title\": \"Copy\", \"label\": \"\", \"icon\": \"copy.png\", \"type\": \"link\"}, \"Remove\": {\"Title\": \"Remove\", \"name\": \"remove\", \"label\": \"\", \"icon\": \"remove.png\", \"type\": \"link\"}", "LShow" : "\"Title\": \"Show undefined\", \"Width\": \"col-md-12\",\"F0\": {}, \"F1\": {}, \"F2\": {}, \"F3\": {}, \"F4\": {}, \"F5\": {}, \"Section4\": {\"Width\": \"col-md-12\", \"List\": {\"label\": \"OK\", \"type\": \"button\", \"css\": \"btn btn-primary col-md-2\"}, \"Edit\": {\"label\": \"Edit\", \"icon\": \"edit.png\", \"type\": \"button\", \"css\": \"btn btn-default\"}, \"Copy\": {\"label\": \"Copy&Create\", \"icon\": \"copy.png\", \"type\": \"button\", \"css\": \"btn btn-default\"}, \"New\": {\"label\": \"Add new\", \"icon\": \"add.png\", \"type\": \"button\", \"css\": \"btn btn-default\"}}", "LEdit" : "\"Title\": \"Modify undefined\", \"Width\": \"col-md-12\",\"F0\": {}, \"F1\": {}, \"F2\": {}, \"F3\": {}, \"F4\": {}, \"F5\": {}, \"Section4\": {\"Width\": \"col-md-12\", \"Submit\": {\"label\": \"Save Changes\", \"icon\": \"\", \"type\": \"button\", \"css\": \"btn btn-primary\"}, \"List\": {\"label\": \"Cancel\", \"icon\": \"\", \"type\": \"link\", \"css\": \"small\"}}", "LNew" : "\"Title\": \"Add New undefined\", \"Width\": \"col-md-12\",\"F0\": {}, \"F1\": {}, \"F2\": {}, \"F3\": {}, \"F4\": {}, \"F5\": {}, \"Section4\": {\"Width\": \"col-md-12\", \"Submit\": {\"label\": \"Save\", \"icon\": \"\", \"type\": \"button\", \"css\": \"btn btn-primary\"}, \"List\": {\"label\": \"Cancel\", \"icon\": \"\", \"type\": \"link\", \"css\": \"small\"}}", "Filter" : "<a class=\"filter\" href=\"javascript:;\" filter=\"span class=&quot;green\" green\"=\"\"><span style=\"color: rgb(0, 128, 0);\">In progress</span></a>\r\n<a class=\"filter\" href=\"javascript:;\" filter=\"span class=\" blue\"=\"\"><font color=\"#0000ff\">Initial</font></a>\r\n\r\n\r\n", "Enable" : "on", "Visible" : "on", "Group" : "-1", "CheckFuncs" : "''", "NoAction" : "", "AdvanceCondition" : "{\"condition\": [\r\n{\"fid\":\"Update\", \"recent\": \"true\", \"css\": \"\", \"selectall\": true},\r\n{\"fid\":\"F2\", \"options\": [{\"caption\": \"Initial\", \"icon\": \"/img/s/b1.png\", \"value\": \"0\", \"css\": \"blue wid120\"}, {\"caption\": \"In progress\", \"icon\": \"/img/s/b2.png\", \"value\": \"1\", \"css\": \"green wid120\"}, {\"caption\": \"Paused\", \"value\": \"2\", \"css\": \"orange wid120\"}, {\"caption\": \"Finished\", \"value\": \"3\", \"css\": \"wid120\"}], \"selectall\": false},\r\n{\"fid\":\"F0, F1\", \"type\": 1, \"placeholder\":\"Input text in name or detail\"},\r\n{\"fid\":\"F3\", \"type\": 2, \"placeholder\":\"Input low priority \", \"placeholder2\":\"Input high priority\", \"unit\": \"p\"},\r\n{\"fid\":\"F4\", \"type\": 1, \"placeholder\":\"Input todo owner name\", \"unit\": \"\"}\r\n], \r\n\"alwaysinlist\": false, \r\n\"overwrite\": false}", "Update" : "2015/08/12 22:31:14.701 (UTC 8:00)", "LayoutL" : "<table class=‘table’><tr>\r\n<td class=\"wid30\"  field='F5'>(F5)</td>\r\n<td class=\"wid20\"  field='F3'>(F3)</td>\r\n<td class=\"wid20\"  field='F2'>(F2)</td>\r\n<td class=\"wid90\"  field=\"diy\" LSAction=\"DIY1\"><LSAction class=\"btn-group-xs\"><a class=\"btn btn-default\" name=\"oneremove\" val=\"F2=3\" >Done</a></LSAction><span class=\"caret\" val=\"caret\"></span>\r\n<LSAction class=\"btn-group-xs\"><a name=\"oneupdate\" href=\"javascript:;\" val=\"F2=0\" class=\"blue\"><img class=\"icon15\" src=\"/img/s/b1.png\">Initial</a></LSAction>\r\n<LSAction class=\"btn-group-xs\"><a name=\"oneupdate\" href=\"javascript:;\" val=\"F2=1\" class=\"green\"><img class=\"icon15\" src=\"/img/s/b2.png\">In progress</a></LSAction>\r\n<LSAction class=\"btn-group-xs\"><a name=\"oneupdate\" href=\"javascript:;\" val=\"F2=2\" class=\"orange\">Paused</a></LSAction>\r\n</td>\r\n<td  field='F0'>(F0)</td>\r\n<td class=\"col-md-1\"  field='F4'>(F4)</td>\r\n<td class=\"wid30\" field=\"edit\" LSAction=\"edit\"><LSAction class=\"btn-group-xs\"><a class=\"btn btn-link\" href=\"javascript:;\" name=\"edit\" title=\"\"><img src=\"/img/edit.png\"></a></LSAction></td>\r\n<td class=\"wid30\" field=\"copy\" LSAction=\"copy\"><LSAction class=\"btn-group-xs\"><a class=\"btn btn-link\" href=\"javascript:;\" name=\"copy\" title=\"\"><img src=\"/img/copy.png\"></a></LSAction></td>\r\n<td class=\"wid30\" field=\"remove\" LSAction=\"remove\"><LSAction class=\"btn-group-xs\"><a class=\"btn btn-link\" href=\"javascript:;\" name=\"delete\" title=\"\"><img src=\"/img/remove.png\"></a></LSAction></td>\r\n</tr><tr><td colspan=9  field='F1'>(F1)</td>\r\n</tr></table>    ", "FieldsLL" : "\"F5\": {\"title\": \"ID\"},\"F3\": {\"title\": \"P\",\"iconly\": true},\"F2\": {\"title\": \"S\",\"iconly\": true},\"diy\": {},\"F0\": {\"title\": \"Todo\",\"clickable\": true},\"F4\": {},\"Edit\": {\"title\": \"Edit\"},\"Copy\": {\"title\": \"Copy\"},\"Remove\": {\"title\": \"Remove\"},\"F1\": {\"title\": \"Details\"}", "ActionLS" : "<div class=\"col-md-0\"><a class=\"btn btn-primary col-md-2\" href=\"javascript:;\" name=\"list\" style=\"min-width:80px;\" title=\"\">OK</a></div>\r\n<div class=\"col-md-0\"><a class=\"btn btn-default\" href=\"javascript:;\" name=\"edit\" style=\"min-width:80px;\" title=\"\"><img src=\"/img/edit.png\">Edit</a></div>\r\n<div class=\"col-md-0\"><a class=\"btn btn-default\" href=\"javascript:;\" name=\"copy\" style=\"min-width:80px;\" title=\"\"><img src=\"/img/copy.png\">Copy&Create</a></div>\r\n<div class=\"col-md-0\"><a class=\"btn btn-default\" href=\"javascript:;\" name=\"new\" style=\"min-width:80px;\" title=\"\"><img src=\"/img/add.png\">Add new</a></div>\r\n", "LayoutS" : "<div class='col-md-12' field='F5'>(F5)</div>\r\n<div class='col-md-12' field='F3'>(F3)</div>\r\n<div class='col-md-12' field='F2'>(F2)</div>\r\n<div class='col-md-12' field='F0'>(F0)</div>\r\n<div class='col-md-12' field='F1'>(F1)</div>\r\n<div class='col-md-12' field='F4'>(F4)</div>\r\n", "FieldsLS" : "\"F5\": {},\"F3\": {},\"F2\": {},\"F0\": {},\"F1\": {\"title\": \"Details\"},\"F4\": {}", "TitleLS" : "Todo Details", "ActionLE" : "<div class=\"col-md-0\"><a class=\"btn btn-primary\" href=\"javascript:;\" name=\"submit\" style=\"min-width:80px;\" title=\"\">Save Changes</a></div>\r\n<div class=\"col-md-0\"><a class=\"btn btn-link\" href=\"javascript:;\" name=\"list\" style=\"min-width:80px;\" title=\"\">Cancel</a></div>\r\n", "LayoutE" : "<div class='col-md-12' field='F5'>(F5)</div>\r\n<div class='col-md-12' field='F3'>(F3)</div>\r\n<div class='col-md-12' field='F2'>(F2)</div>\r\n<div class='col-md-12' field='F0'>(F0)</div>\r\n<div class='col-md-12' field='F1'>(F1)</div>\r\n<div class='col-md-12' field='F4'>(F4)</div>\r\n<div class='col-md-12' field='Update'>(Update)</div>\r\n    ", "FieldsLE" : "\"F5\": {},\"F3\": {},\"F2\": {},\"F0\": {},\"F1\": {\"title\": \"Details\"},\"F4\": {},\"Update\": {\"title\": \"更新时间\"}", "TitleLE" : "Modify Todo", "ActionLN" : "<div class=\"col-md-0\"><a class=\"btn btn-primary\" href=\"javascript:;\" name=\"submit\" style=\"min-width:80px;\" title=\"\">Commit</a></div>\r\n<div class=\"col-md-0\"><a class=\"btn btn-link\" href=\"javascript:;\" name=\"list\" style=\"min-width:80px;\" title=\"\">Cancel</a></div>\r\n", "LayoutN" : "<div class='col-md-12' field='F5'>(F5)</div>\r\n<div class='col-md-12' field='F3'>(F3)</div>\r\n<div class='col-md-12' field='F2'>(F2)</div>\r\n<div class='col-md-12' field='F0'>(F0)</div>\r\n<div class='col-md-12' field='F1'>(F1)</div>\r\n<div class='col-md-12' field='F4'>(F4)</div>\r\n", "FieldsLN" : "\"F5\": {},\"F3\": {},\"F2\": {},\"F0\": {},\"F1\": {\"title\": \"Details\"},\"F4\": {}", "TitleLN" : "Add New Todo", "Status" : "available" }
{ "_id" : { "$oid" : "539af2b6bb6bc4201e98c19d" }, "Tid" : "TF0", "Vid" : "V1", "Rid" : "24A6M35", "Name" : "Roles", "Title" : "Roles", "URL" : "roles", "Description" : "This application is used to define user role in this system.", "Header" : "", "Footer" : "", "Fields" : "{\r\n\"F0\": {\"type\": \"String\", \"form\": \"text\", \"label\": \"Role\", \"placeholder\": \"Role name\", \"attribute\": \",required,\"},\r\n\"F1\": {\"type\": \"String\", \"form\": \"checkbox\", \"label\": \"Application\", \"otype\": \"applications\", \"options\": [{\"caption\": \"All\", \"value\": \"*\"}, {\"caption\": \"Roles\", \"value\": \"TF0/V1\"}, {\"caption\": \"Todo\", \"value\": \"T1/V1\"}, {\"caption\": \"Users\", \"value\": \"TF1/V1\"}], \"options\": [{\"caption\": \"All\", \"value\": \"*\"}, {\"caption\": \"Roles\", \"value\": \"TF0/V1\"}, {\"caption\": \"Todo\", \"value\": \"T1/V1\"}, {\"caption\": \"Users\", \"value\": \"TF1/V1\"}], \"default\": \"1\", \"cols\": 5, \"attribute\": \",required,\"},\r\n\"F2\": {\"type\": \"String\", \"form\": \"radio\", \"label\": \"Enable\", \"otype\": \"diy\", \"options\": [{\"value\": \"1\", \"caption\": \"Enable\"},{\"value\": \"0\", \"caption\": \"Disable\"},], \"default\": \"1\", \"cols\": 10, \"attribute\": \",required,\"},\r\n\"F3\": {\"type\": \"String\", \"form\": \"radio\", \"label\": \"Default Role\", \"otype\": \"diy\", \"options\": [{\"value\": \"1\", \"caption\": \"Yes\"},{\"value\": \"0\", \"caption\": \"No\"},], \"default\": \"1\", \"cols\": 10, \"attribute\": \",required,\"},\r\n}", "Keys" : "", "Condition" : "{}", "New" : "<div class=\"col-md-0\"><a class=\"btn btn-link\" href=\"javascript:;\" name=\"new\" style=\"min-width:80px;\"><img src=\"/img/add.png\">New</a></div>", "Copy" : "{\"enable\": true, \"visible\": true, \"Vid\": \"00\", \"label\": \"Copy\", \"icon\": \"copy.png\", \"type\": \"link\"}", "Edit" : "{\"enable\": true, \"visible\": true, \"Vid\": \"00\", \"label\": \"Edit\", \"icon\": \"edit.png\", \"type\": \"link\"}", "Show" : "{'enable': true, 'visible': true, 'Vid': '00', 'label': 'Detail', 'icon': '', 'type': 'link'}", "Remove" : "{\"enable\": true, \"visible\": true, \"Vid\": \"00\", \"label\": \"Remove\", \"icon\": \"remove.png\", \"type\": \"link\"}", "JSNew" : "/* use data to access recorder like: data['F0'] */ return data;", "JSEdit" : "/* use data to access recorder like: data['F0'] */ return data;", "JSShow" : "/* use data to access recorder like: data['F0'] */ return data;", "JSSave" : "/* use data to access recorder like: data['F0'] */ return data;", "LNew" : "\"Title\": \"Add New undefined\", \"Width\": \"col-md-12\",\"F0\": {}, \"F1\": {}, \"F2\": {}, \"F3\": {}, \"Section4\": {\"Width\": \"col-md-12\", \"Submit\": {\"label\": \"Save\", \"icon\": \"\", \"type\": \"button\", \"css\": \"btn btn-primary\"}, \"List\": {\"label\": \"Cancel\", \"icon\": \"\", \"type\": \"link\", \"css\": \"small\"}}", "LEdit" : "\"Title\": \"Modify undefined\", \"Width\": \"col-md-12\",\"F0\": {}, \"F1\": {}, \"F2\": {}, \"F3\": {}, \"Section4\": {\"Width\": \"col-md-12\", \"Submit\": {\"label\": \"Save Changes\", \"icon\": \"\", \"type\": \"button\", \"css\": \"btn btn-primary\"}, \"List\": {\"label\": \"Cancel\", \"icon\": \"\", \"type\": \"link\", \"css\": \"small\"}}", "LShow" : "\"Title\": \"Show undefined\", \"Width\": \"col-md-12\",\"F0\": {}, \"F1\": {}, \"F2\": {}, \"F3\": {}, \"Section4\": {\"Width\": \"col-md-12\", \"List\": {\"label\": \"OK\", \"type\": \"button\", \"css\": \"btn btn-primary col-md-2\"}, \"Edit\": {\"label\": \"Edit\", \"icon\": \"edit.png\", \"type\": \"button\", \"css\": \"btn btn-default\"}, \"Copy\": {\"label\": \"Copy&Create\", \"icon\": \"copy.png\", \"type\": \"button\", \"css\": \"btn btn-default\"}, \"New\": {\"label\": \"Add new\", \"icon\": \"add.png\", \"type\": \"button\", \"css\": \"btn btn-default\"}}", "LList" : "\"F0\": {\"Title\": \"Role\"}, \"F1\": {\"Title\": \"Application\"}, \"F2\": {\"Title\": \"Enable\"}, \"F3\": {\"Title\": \"Default Role\"}, \"Show\": {\"Title\": \"Detail\", \"label\": \"Detail\", \"icon\": \"\", \"type\": \"link\"}, \"Edit\": {\"Title\": \"Edit\", \"label\": \"\", \"icon\": \"edit.png\", \"type\": \"link\"}, \"Copy\": {\"Title\": \"Copy\", \"label\": \"\", \"icon\": \"copy.png\", \"type\": \"link\"}, \"Remove\": {\"Title\": \"Remove\", \"name\": \"remove\", \"label\": \"\", \"icon\": \"remove.png\", \"type\": \"link\"}", "OrderBy" : "null,null,null", "Order" : "1,1,1", "History" : "on", "Help" : "<a href='#'>Help </a>", "update" : { "$date" : "2014-06-13T20:46:46.375+0800" }, "__v" : 0, "Enable" : "on", "Visible" : "off", "Filter" : "", "Update" : "2015/08/12 17:37:22.251 (UTC 8:00)", "CheckFuncs" : "''", "NoAction" : "", "AdvanceCondition" : "", "Group" : "-1", "LayoutL" : "<table class=‘table’><tr>\r\n<td  field='F0'>(F0)</td>\r\n<td class=\"col-md-6\"  field='F1'>(F1)</td>\r\n<td  field='F2'>(F2)</td>\r\n<td  field='F3'>(F3)</td>\r\n<td class=\"wid30\" field=\"edit\" LSAction=\"edit\"><LSAction class=\"btn-group-xs\"><a class=\"btn btn-link\" href=\"javascript:;\" name=\"edit\" title=\"\"><img src=\"/img/edit.png\"></a></LSAction></td>\r\n<td class=\"wid30\" field=\"copy\" LSAction=\"copy\"><LSAction class=\"btn-group-xs\"><a class=\"btn btn-link\" href=\"javascript:;\" name=\"copy\" title=\"\"><img src=\"/img/copy.png\"></a></LSAction></td>\r\n<td class=\"wid30\" field=\"remove\" LSAction=\"remove\"><LSAction class=\"btn-group-xs\"><a class=\"btn btn-link\" href=\"javascript:;\" name=\"delete\" title=\"\"><img src=\"/img/remove.png\"></a></LSAction></td>\r\n</tr></table>   ", "FieldsLL" : "\"F0\": {\"clickable\": true},\"F1\": {},\"F2\": {},\"F3\": {},\"Edit\": {\"title\": \"Edit\"},\"Copy\": {\"title\": \"Copy\"},\"Remove\": {\"title\": \"Remove\"}", "ActionLS" : "<div class=\"col-md-0\"><a class=\"btn btn-primary col-md-2\" href=\"javascript:;\" name=\"list\" style=\"min-width:80px;\" title=\"\">OK</a></div>\r\n<div class=\"col-md-0\"><a class=\"btn btn-default\" href=\"javascript:;\" name=\"edit\" style=\"min-width:80px;\" title=\"\"><img src=\"/img/edit.png\">Edit</a></div>\r\n<div class=\"col-md-0\"><a class=\"btn btn-default\" href=\"javascript:;\" name=\"copy\" style=\"min-width:80px;\" title=\"\"><img src=\"/img/copy.png\">Copy&Create</a></div>\r\n<div class=\"col-md-0\"><a class=\"btn btn-default\" href=\"javascript:;\" name=\"new\" style=\"min-width:80px;\" title=\"\"><img src=\"/img/add.png\">Add new</a></div>\r\n", "LayoutS" : "<div class='col-md-12' field='F0'>(F0)</div>\r\n<div class='col-md-12' field='F1'>(F1)</div>\r\n<div class='col-md-12' field='F2'>(F2)</div>\r\n<div class='col-md-12' field='F3'>(F3)</div>\r\n", "FieldsLS" : "\"F0\": {},\"F1\": {},\"F2\": {},\"F3\": {}", "TitleLS" : "Show Roles", "ActionLE" : "<div class=\"col-md-0\"><a class=\"btn btn-primary\" href=\"javascript:;\" name=\"submit\" style=\"min-width:80px;\" title=\"\">Save Changes</a></div>\r\n<div class=\"col-md-0\"><a class=\"btn btn-link\" href=\"javascript:;\" name=\"list\" style=\"min-width:80px;\" title=\"\">Cancel</a></div>\r\n", "LayoutE" : "<div class='col-md-12' field='F0'>(F0)</div>\r\n<div class='col-md-12' field='F1'>(F1)</div>\r\n<div class='col-md-12' field='F2'>(F2)</div>\r\n<div class='col-md-12' field='F3'>(F3)</div>\r\n   ", "FieldsLE" : "\"F0\": {},\"F1\": {},\"F2\": {},\"F3\": {}", "TitleLE" : "Modify Roles", "ActionLN" : "<div class=\"col-md-0\"><a class=\"btn btn-primary\" href=\"javascript:;\" name=\"submit\" style=\"min-width:80px;\" title=\"\">Save</a></div>\r\n<div class=\"col-md-0\"><a class=\"btn btn-link\" href=\"javascript:;\" name=\"list\" style=\"min-width:80px;\" title=\"\">Cancel</a></div>\r\n", "LayoutN" : "<div class='col-md-12' field='F0'>(F0)</div>\r\n<div class='col-md-12' field='F1'>(F1)</div>\r\n<div class='col-md-12' field='F2'>(F2)</div>\r\n<div class='col-md-12' field='F3'>(F3)</div>\r\n", "FieldsLN" : "\"F0\": {},\"F1\": {},\"F2\": {},\"F3\": {}", "TitleLN" : "Add New Roles", "Status" : "available" }
{ "_id" : { "$oid" : "539bb881002481481858f1e1" }, "Tid" : "TF1", "Vid" : "V1", "Rid" : "25RFV24", "Name" : "Users", "Title" : "Users", "URL" : "users", "Description" : "Users in current system", "Header" : "", "Footer" : "", "Fields" : "{\r\n\"F0\": {\"type\": \"String\", \"form\": \"text\", \"label\": \"Name\", \"placeholder\": \"User name\", \"attribute\": \",required,\"},\r\n\"F1\": {\"type\": \"String\", \"form\": \"text\", \"label\": \"Email\", \"placeholder\": \"someone@hp.com\", \"attribute\": \",required,\"},\r\n\"F2\": {\"type\": \"String\", \"form\": \"password\", \"label\": \"Password\", \"default\": \"Administrator\", \"attribute\": \",required,\"},\r\n\"F3\": {\"type\": \"String\", \"form\": \"checkbox\", \"label\": \"Role\", \"otype\": \"diy\", \"options\": [{\"value\": \"Administrator\", \"caption\": \"Administrator\"},{\"value\": \"Default\", \"caption\": \"Default\"}], \"default\": \"Administrator\", \"cols\": 3, \"attribute\": \",required,\"},\r\n\"F4\": {\"type\": \"String\", \"form\": \"checkbox\", \"label\": \"Enable\", \"otype\": \"diy\", \"options\": [{\"value\": \"1\", \"caption\": \"Yes\"},{\"value\": \"0\", \"caption\": \"No\"}], \"default\": \"1\", \"cols\": 3, \"attribute\": \",required,\"},\r\n\"F5\": {\"type\": \"Number\", \"form\": \"select\", \"label\": \"TimeZone\", \"otype\": \"diy\", \"options\": [{\"value\": \"-360\", \"caption\": \"(UTC-06:00) Houston\"},{\"value\": \"330\", \"caption\": \"(UTC+05:30) India\"},{\"value\": \"480\", \"caption\": \"(UTC+08:00) China\"}], \"default\": \"480\", \"size\": 3, \"attribute\": \",required,\"}\r\n}", "Keys" : "", "Condition" : "{}", "New" : "<div class=\"col-md-0\"><a class=\"btn btn-link\" href=\"javascript:;\" name=\"new\" style=\"min-width:80px;\"><img src=\"/img/add.png\">Add User</a></div>", "Copy" : "{\"enable\": true, \"visible\": true, \"Vid\": \"00\", \"label\": \"Copy\", \"icon\": \"copy.png\", \"type\": \"link\"}", "Edit" : "{\"enable\": true, \"visible\": true, \"Vid\": \"00\", \"label\": \"Edit\", \"icon\": \"edit.png\", \"type\": \"link\"}", "Show" : "{'enable': true, 'visible': true, 'Vid': '00', 'label': 'Detail', 'icon': '', 'type': 'link'}", "Remove" : "{\"enable\": true, \"visible\": true, \"Vid\": \"00\", \"label\": \"Remove\", \"icon\": \"remove.png\", \"type\": \"link\"}", "JSNew" : "/* use data to access recorder like: data['F0'] */ return data;", "JSEdit" : "/* use data to access recorder like: data['F0'] */ return data;", "JSShow" : "/* use data to access recorder like: data['F0'] */ return data;", "JSSave" : "/* use data to access recorder like: data['F0'] */ return data;", "LNew" : "\"Title\": \"Add New undefined\", \"Width\": \"col-md-12\",\"F0\": {}, \"F1\": {}, \"F2\": {}, \"F3\": {}, \"F4\": {}, \"F5\": {}, \"Section4\": {\"Width\": \"col-md-12\", \"Submit\": {\"label\": \"Save\", \"icon\": \"\", \"type\": \"button\", \"css\": \"btn btn-primary\"}, \"List\": {\"label\": \"Cancel\", \"icon\": \"\", \"type\": \"link\", \"css\": \"small\"}}", "LEdit" : "\"Title\": \"Modify undefined\", \"Width\": \"col-md-12\",\"F0\": {}, \"F1\": {}, \"F2\": {}, \"F3\": {}, \"F4\": {}, \"F5\": {}, \"Section4\": {\"Width\": \"col-md-12\", \"Submit\": {\"label\": \"Save Changes\", \"icon\": \"\", \"type\": \"button\", \"css\": \"btn btn-primary\"}, \"List\": {\"label\": \"Cancel\", \"icon\": \"\", \"type\": \"link\", \"css\": \"small\"}}", "LShow" : "\"Title\": \"Show undefined\", \"Width\": \"col-md-12\",\"F0\": {}, \"F1\": {}, \"F2\": {}, \"F3\": {}, \"F4\": {}, \"F5\": {}, \"Section4\": {\"Width\": \"col-md-12\", \"List\": {\"label\": \"OK\", \"type\": \"button\", \"css\": \"btn btn-primary col-md-2\"}, \"Edit\": {\"label\": \"Edit\", \"icon\": \"edit.png\", \"type\": \"button\", \"css\": \"btn btn-default\"}, \"Copy\": {\"label\": \"Copy&Create\", \"icon\": \"copy.png\", \"type\": \"button\", \"css\": \"btn btn-default\"}, \"New\": {\"label\": \"Add new\", \"icon\": \"add.png\", \"type\": \"button\", \"css\": \"btn btn-default\"}}", "LList" : "\"F0\": {\"Title\": \"Name\"}, \"F1\": {\"Title\": \"Email\"}, \"F2\": {\"Title\": \"Password\"}, \"F3\": {\"Title\": \"Role\"}, \"F4\": {\"Title\": \"Enable\"}, \"F5\": {\"Title\": \"TimeZone\"}, \"Show\": {\"Title\": \"Detail\", \"label\": \"Detail\", \"icon\": \"\", \"type\": \"link\"}, \"Edit\": {\"Title\": \"Edit\", \"label\": \"\", \"icon\": \"edit.png\", \"type\": \"link\"}, \"Copy\": {\"Title\": \"Copy\", \"label\": \"\", \"icon\": \"copy.png\", \"type\": \"link\"}, \"Remove\": {\"Title\": \"Remove\", \"name\": \"remove\", \"label\": \"\", \"icon\": \"remove.png\", \"type\": \"link\"}", "OrderBy" : "F5,F0,null", "Order" : "1,1,1", "History" : "on", "Help" : "<a href='#'>Help </a>", "update" : { "$date" : "2014-06-14T10:50:41.132+0800" }, "__v" : 0, "Enable" : "on", "Visible" : "on", "Filter" : "", "Group" : "-1", "Update" : "2015/08/12 22:07:19.97 (UTC 8:00)", "CheckFuncs" : "''", "NoAction" : "", "AdvanceCondition" : "", "LayoutL" : "<table class=‘table’><tr>\r\n<td  field='F0'>(F0)</td>\r\n<td  field='F1'>(F1)</td>\r\n<td  field='F2'>(F2)</td>\r\n<td  field='F3'>(F3)</td>\r\n<td  field='F4'>(F4)</td>\r\n<td  field='F5'>(F5)</td>\r\n<td field=\"edit\" LSAction=\"edit\"><LSAction class=\"btn-group-xs\"><a class=\"btn btn-link\" href=\"javascript:;\" name=\"edit\" title=\"\"><img src=\"/img/edit.png\"></a></LSAction></td>\r\n<td field=\"copy\" LSAction=\"copy\"><LSAction class=\"btn-group-xs\"><a class=\"btn btn-link\" href=\"javascript:;\" name=\"copy\" title=\"\"><img src=\"/img/copy.png\"></a></LSAction></td>\r\n</tr></table>     ", "FieldsLL" : "\"F0\": {\"title\": \"Name\"},\"F1\": {\"title\": \"Email\"},\"F2\": {\"title\": \"Password\"},\"F3\": {\"title\": \"Role\"},\"F4\": {\"title\": \"Enable\"},\"F5\": {\"title\": \"TimeZone\"},\"Edit\": {\"title\": \"Edit\"},\"Copy\": {\"title\": \"Copy\"}", "ActionLS" : "<div class=\"col-md-0\"><a class=\"btn btn-primary col-md-2\" href=\"javascript:;\" name=\"list\" style=\"min-width:80px;\" title=\"\">OK</a></div>\r\n<div class=\"col-md-0\"><a class=\"btn btn-default\" href=\"javascript:;\" name=\"edit\" style=\"min-width:80px;\" title=\"\"><img src=\"/img/edit.png\">Edit</a></div>\r\n<div class=\"col-md-0\"><a class=\"btn btn-default\" href=\"javascript:;\" name=\"copy\" style=\"min-width:80px;\" title=\"\"><img src=\"/img/copy.png\">Copy&Create</a></div>\r\n<div class=\"col-md-0\"><a class=\"btn btn-default\" href=\"javascript:;\" name=\"new\" style=\"min-width:80px;\" title=\"\"><img src=\"/img/add.png\">Add new</a></div>\r\n", "LayoutS" : "<div class='col-md-12' field='F0'>(F0)</div>\r\n<div class='col-md-12' field='F1'>(F1)</div>\r\n<div class='col-md-12' field='F2'>(F2)</div>\r\n<div class='col-md-12' field='F3'>(F3)</div>\r\n<div class='col-md-12' field='F4'>(F4)</div>\r\n<div class='col-md-12' field='F5'>(F5)</div>\r\n", "FieldsLS" : "\"F0\": {},\"F1\": {},\"F2\": {},\"F3\": {},\"F4\": {},\"F5\": {}", "TitleLS" : "Show Users", "ActionLE" : "<div class=\"col-md-0\"><a class=\"btn btn-primary\" href=\"javascript:;\" name=\"submit\" style=\"min-width:80px;\" title=\"\">Save Changes</a></div>\r\n<div class=\"col-md-0\"><a class=\"btn btn-link\" href=\"javascript:;\" name=\"list\" style=\"min-width:80px;\" title=\"\">Cancel</a></div>\r\n", "LayoutE" : "<div class='col-md-12' field='F0'>(F0)</div>\r\n<div class='col-md-12' field='F1'>(F1)</div>\r\n<div class='col-md-12' field='F2'>(F2)</div>\r\n<div class='col-md-12' field='F3'>(F3)</div>\r\n<div class='col-md-12' field='F4'>(F4)</div>\r\n<div class='col-md-12' field='F5'>(F5)</div>\r\n     ", "FieldsLE" : "\"F0\": {},\"F1\": {},\"F2\": {},\"F3\": {},\"F4\": {},\"F5\": {}", "TitleLE" : "Modify Users", "ActionLN" : "<div class=\"col-md-0\"><a class=\"btn btn-primary\" href=\"javascript:;\" name=\"submit\" style=\"min-width:80px;\" title=\"\">Save</a></div>\r\n<div class=\"col-md-0\"><a class=\"btn btn-link\" href=\"javascript:;\" name=\"list\" style=\"min-width:80px;\" title=\"\">Cancel</a></div>\r\n", "LayoutN" : "<div class='col-md-12' field='F0'>(F0)</div>\r\n<div class='col-md-12' field='F1'>(F1)</div>\r\n<div class='col-md-12' field='F2'>(F2)</div>\r\n<div class='col-md-12' field='F3'>(F3)</div>\r\n<div class='col-md-12' field='F4'>(F4)</div>\r\n<div class='col-md-12' field='F5'>(F5)</div>\r\n", "FieldsLN" : "\"F0\": {},\"F1\": {},\"F2\": {},\"F3\": {},\"F4\": {},\"F5\": {}", "TitleLN" : "Add New Users", "Status" : "available" }
